location;new_cases_smoothed;new_deaths_smoothed;reproduction_rate;positive_rate;people_fully_vaccinated_per_hundred;stringency_index
Singapore;;;;;;13.89
Singapore;;;;;;13.89
Singapore;;;;;;13.89
Singapore;;;;;;13.89
Singapore;;;;;;13.89
Singapore;0.0;0.0;;;;13.89
Singapore;0.0;0.0;;;;13.89
Singapore;0.0;0.0;;;;13.89
Singapore;0.0;0.0;;;;13.89
Singapore;0.0;0.0;;;;13.89
Singapore;0.0;0.0;;;;13.89
Singapore;0.0;0.0;;;;13.89
Singapore;0.0;0.0;;;;13.89
Singapore;0.0;0.0;;;;13.89
Singapore;0.0;0.0;;;;13.89
Singapore;0.0;0.0;;;;13.89
Singapore;0.0;0.0;;;;13.89
Singapore;0.0;0.0;;;;13.89
Singapore;0.0;0.0;;;;13.89
Singapore;0.0;0.0;;;;13.89
Singapore;0.0;0.0;;;;19.44
Singapore;0.143;0.0;;;;19.44
Singapore;0.429;0.0;;;;19.44
Singapore;0.571;0.0;;;;19.44
Singapore;0.571;0.0;;;;19.44
Singapore;0.714;0.0;;;;19.44
Singapore;1.0;0.0;;;;19.44
Singapore;1.429;0.0;;;;19.44
Singapore;1.714;0.0;;;;19.44
Singapore;1.857;0.0;;;;19.44
Singapore;2.0;0.0;;;;19.44
Singapore;2.0;0.0;;;;19.44
Singapore;1.857;0.0;;;;19.44
Singapore;2.429;0.0;;;;19.44
Singapore;2.571;0.0;;;;19.44
Singapore;2.429;0.0;;;;25.0
Singapore;2.429;0.0;;;;25.0
Singapore;3.143;0.0;;;;25.0
Singapore;3.571;0.0;;;;25.0
Singapore;3.857;0.0;;;;25.0
Singapore;3.286;0.0;;;;25.0
Singapore;3.143;0.0;;;;25.0
Singapore;4.0;0.0;;;;25.0
Singapore;4.857;0.0;;;;25.0
Singapore;4.571;0.0;;;;25.0
Singapore;4.571;0.0;;;;25.0
Singapore;4.571;0.0;;;;25.0
Singapore;4.857;0.0;;;;25.0
Singapore;4.857;0.0;;;;25.0
Singapore;3.857;0.0;;;;25.0
Singapore;2.714;0.0;;;;25.0
Singapore;2.429;0.0;;;;25.0
Singapore;2.0;0.0;;;;25.0
Singapore;1.857;0.0;;;;25.0
Singapore;1.429;0.0;;;;25.0
Singapore;1.286;0.0;;;;25.0
Singapore;1.571;0.0;;;;25.0
Singapore;1.714;0.0;;;;25.0
Singapore;1.857;0.0;0.7;;;25.0
Singapore;2.429;0.0;0.69;;;25.0
Singapore;2.571;0.0;0.7;;;25.0
Singapore;2.714;0.0;0.73;;;25.0
Singapore;2.714;0.0;0.82;;;25.0
Singapore;3.0;0.0;0.9;;;25.0
Singapore;4.571;0.0;0.97;;;25.0
Singapore;5.143;0.0;1.04;;;25.0
Singapore;6.286;0.0;1.09;;;25.0
Singapore;7.429;0.0;1.17;;;25.0
Singapore;8.0;0.0;1.25;;;25.0
Singapore;9.429;0.0;1.31;;;25.0
Singapore;10.0;0.0;1.42;;;39.81
Singapore;10.0;0.0;1.48;;;39.81
Singapore;10.571;0.0;1.56;;;39.81
Singapore;10.857;0.0;1.64;;;39.81
Singapore;11.857;0.0;1.72;;;39.81
Singapore;14.286;0.0;1.77;;;39.81
Singapore;19.286;0.0;1.76;;;39.81
Singapore;22.571;0.0;1.74;;;39.81
Singapore;26.429;0.286;1.72;;;39.81
Singapore;31.429;0.286;1.68;;;39.81
Singapore;32.714;0.286;1.68;;;39.81
Singapore;38.0;0.286;1.64;;;39.81
Singapore;41.714;0.286;1.6;;;39.81
Singapore;45.429;0.286;1.55;;;45.37
Singapore;48.286;0.286;1.5;;;45.37
Singapore;49.571;0.0;1.48;;;45.37
Singapore;52.857;0.0;1.44;;;45.37
Singapore;55.571;0.143;1.42;;;45.37
Singapore;52.857;0.143;1.43;;;45.37
Singapore;52.571;0.143;1.46;;;45.37
Singapore;52.714;0.143;1.49;;;45.37
Singapore;52.286;0.286;1.54;;;54.63
Singapore;54.571;0.429;1.61;;;54.63
Singapore;55.286;0.429;1.69;;;54.63
Singapore;66.429;0.429;1.74;;;54.63
Singapore;70.857;0.429;1.81;;;62.04
Singapore;79.286;0.429;1.88;;;82.41
Singapore;89.0;0.429;1.96;;;82.41
Singapore;123.0;0.429;1.96;;;82.41
Singapore;142.0;0.286;1.98;;;82.41
Singapore;158.571;0.429;2.01;;;82.41
Singapore;174.714;0.286;2.05;;;82.41
Singapore;220.429;0.429;2.05;;;82.41
Singapore;253.0;0.571;2.06;;;82.41
Singapore;296.571;0.571;2.06;;;82.41
Singapore;359.571;0.429;2.03;;;82.41
Singapore;420.286;0.571;2.0;;;82.41
Singapore;527.571;0.429;1.92;;;82.41
Singapore;579.429;0.429;1.87;;;82.41
Singapore;728.0;0.286;1.75;;;82.41
Singapore;839.0;0.143;1.62;;;82.41
Singapore;920.286;0.286;1.5;;;82.41
Singapore;964.429;0.286;1.4;;;82.41
Singapore;1.003.571;0.143;1.31;;;82.41
Singapore;957.286;0.143;1.24;;;82.41
Singapore;1.005.143;0.143;1.17;;;82.41
Singapore;915.571;0.429;1.11;;;82.41
Singapore;832.286;0.429;1.06;;;82.41
Singapore;785.714;0.286;1.03;;;82.41
Singapore;713.0;0.429;1.03;;;82.41
Singapore;718.0;0.571;1.01;;;82.41
Singapore;693.571;0.714;1.01;;;82.41
Singapore;654.429;0.857;1.0;;;82.41
Singapore;622.143;0.571;1.01;;;82.41
Singapore;637.0;0.571;1.01;;;82.41
Singapore;651.0;0.857;1.01;;;82.41
Singapore;681.429;0.714;1.01;;;82.41
Singapore;658.0;0.571;1.02;;;82.41
Singapore;701.714;0.429;1.01;;;82.41
Singapore;733.0;0.286;0.99;;;82.41
Singapore;715.571;0.429;0.98;;;78.7
Singapore;751.571;0.429;0.96;;;78.7
Singapore;735.429;0.143;0.94;;;78.7
Singapore;737.0;0.143;0.92;;;78.7
Singapore;740.571;0.143;0.9;;;78.7
Singapore;699.429;0.286;0.88;;;78.7
Singapore;671.714;0.286;0.87;;;78.7
Singapore;650.857;0.143;0.86;;;78.7
Singapore;589.0;0.143;0.86;;;78.7
Singapore;574.0;0.143;0.87;;;78.7
Singapore;530.571;0.286;0.88;;;78.7
Singapore;505.0;0.286;0.89;;;78.7
Singapore;530.286;0.143;0.88;;;78.7
Singapore;511.143;0.143;0.88;;;78.7
Singapore;516.714;0.143;0.88;;;78.7
Singapore;507.0;0.143;0.88;;;78.7
Singapore;501.714;0.143;0.89;;;78.7
Singapore;491.0;0.0;0.91;;;78.7
Singapore;490.571;0.0;0.91;;;78.7
Singapore;471.143;0.0;0.91;;;78.7
Singapore;466.857;0.0;0.91;;;78.7
Singapore;476.0;0.143;0.91;;;71.3
Singapore;499.0;0.143;0.89;;;71.3
Singapore;504.143;0.143;0.87;;;71.3
Singapore;524.714;0.143;0.84;;;71.3
Singapore;474.714;0.143;0.84;;;71.3
Singapore;451.571;0.286;0.84;;;71.3
Singapore;432.286;0.286;0.84;;;71.3
Singapore;429.143;0.143;0.83;;;71.3
Singapore;382.571;0.143;0.84;;;71.3
Singapore;365.714;0.143;0.84;;;71.3
Singapore;352.143;0.143;0.84;;;71.3
Singapore;381.0;0.143;0.81;;;71.3
Singapore;381.429;0.143;0.79;;;71.3
Singapore;384.857;0.143;0.76;;;71.3
Singapore;360.286;0.143;0.74;;;71.3
Singapore;350.714;0.143;0.73;;;71.3
Singapore;321.571;0.143;0.73;;;71.3
Singapore;298.0;0.143;0.72;;;56.48
Singapore;252.143;0.143;0.74;;;56.48
Singapore;233.714;0.0;0.75;;;56.48
Singapore;213.0;0.0;0.76;;;56.48
Singapore;213.571;0.0;0.76;;;56.48
Singapore;209.0;0.0;0.78;;;56.48
Singapore;201.0;0.0;0.8;;;56.48
Singapore;180.429;0.0;0.84;;;56.48
Singapore;191.429;0.0;0.87;;;56.48
Singapore;201.857;0.0;0.88;;;56.48
Singapore;194.857;0.0;0.89;;;56.48
Singapore;192.571;0.0;0.89;;;56.48
Singapore;210.714;0.0;0.89;;;56.48
Singapore;214.143;0.0;0.88;;;56.48
Singapore;224.857;0.0;0.88;;;56.48
Singapore;217.714;0.0;0.88;;;56.48
Singapore;202.571;0.0;0.89;;;56.48
Singapore;191.571;0.0;0.91;;;56.48
Singapore;188.857;0.0;0.92;;;56.48
Singapore;176.143;0.0;0.94;;;56.48
Singapore;167.857;0.0;0.97;;;56.48
Singapore;158.857;0.0;1.02;;;56.48
Singapore;161.857;0.0;1.07;;;56.48
Singapore;159.714;0.0;1.12;;;56.48
Singapore;165.714;0.0;1.17;;;56.48
Singapore;185.571;0.0;1.19;;;56.48
Singapore;212.714;0.143;1.18;;;56.48
Singapore;225.857;0.143;1.18;;;56.48
Singapore;243.429;0.143;1.18;;;56.48
Singapore;263.0;0.143;1.16;;;56.48
Singapore;267.571;0.143;1.17;;;56.48
Singapore;278.857;0.143;1.18;;;56.48
Singapore;250.429;0.143;1.21;;;56.48
Singapore;257.857;0.0;1.22;;;56.48
Singapore;266.571;0.0;1.24;;;56.48
Singapore;281.714;0.0;1.24;;;56.48
Singapore;274.571;0.0;1.26;;;56.48
Singapore;319.0;0.0;1.24;;;56.48
Singapore;351.0;0.0;1.2;;;56.48
Singapore;400.429;0.0;1.14;;;56.48
Singapore;394.714;0.0;1.09;;;56.48
Singapore;398.143;0.0;1.06;;;56.48
Singapore;387.286;0.0;1.05;;;56.48
Singapore;404.286;0.0;1.02;;;56.48
Singapore;374.857;0.0;1.0;;;56.48
Singapore;350.857;0.0;0.99;;;56.48
Singapore;316.143;0.0;0.99;;;56.48
Singapore;307.0;0.0;0.98;;;56.48
Singapore;389.0;0.0;0.89;;;56.48
Singapore;392.286;0.0;0.81;;;56.48
Singapore;370.286;0.0;0.73;;;56.48
Singapore;345.286;0.0;0.68;;;56.48
Singapore;325.571;0.0;0.63;;;56.48
Singapore;320.143;0.0;0.57;;;56.48
Singapore;286.714;0.0;0.54;;;56.48
Singapore;163.0;0.0;0.53;;;56.48
Singapore;134.571;0.0;0.53;;;56.48
Singapore;111.857;0.0;0.54;;;56.48
Singapore;104.571;0.0;0.55;;;56.48
Singapore;91.857;0.0;0.57;;;56.48
Singapore;78.0;0.0;0.58;;;56.48
Singapore;83.571;0.0;0.58;;;56.48
Singapore;90.857;0.0;0.59;;;56.48
Singapore;86.0;0.0;0.6;;;56.48
Singapore;90.857;0.0;0.61;;;56.48
Singapore;86.429;0.0;0.61;;;56.48
Singapore;86.571;0.0;0.61;;;56.48
Singapore;80.857;0.0;0.61;;;56.48
Singapore;71.0;0.0;0.63;;;56.48
Singapore;66.286;0.0;0.66;;;56.48
Singapore;67.571;0.0;0.67;;;56.48
Singapore;64.286;0.0;0.66;;;56.48
Singapore;64.429;0.0;0.66;;;56.48
Singapore;59.714;0.0;0.65;;;56.48
Singapore;58.286;0.0;0.65;;;56.48
Singapore;59.571;0.0;0.65;;;56.48
Singapore;52.143;0.0;0.68;;;56.48
Singapore;48.0;0.0;0.71;;;56.48
Singapore;40.286;0.0;0.74;;;56.48
Singapore;37.857;0.0;0.78;;;56.48
Singapore;35.857;0.0;0.81;;;56.48
Singapore;33.143;0.0;0.86;;;56.48
Singapore;34.143;0.0;0.91;;;56.48
Singapore;43.714;0.0;0.92;;;56.48
Singapore;45.857;0.0;0.91;;;56.48
Singapore;52.429;0.0;0.87;;;56.48
Singapore;53.571;0.0;0.83;;;56.48
Singapore;54.857;0.0;0.78;;;56.48
Singapore;58.571;0.0;0.72;;;56.48
Singapore;56.714;0.0;0.67;;;56.48
Singapore;49.714;0.0;0.63;;;56.48
Singapore;43.286;0.0;0.61;;;56.48
Singapore;32.571;0.0;0.61;;;56.48
Singapore;28.714;0.0;0.62;;;56.48
Singapore;24.286;0.0;0.64;;;56.48
Singapore;21.714;0.0;0.63;;;56.48
Singapore;19.857;0.0;0.62;;;56.48
Singapore;17.857;0.0;0.63;;;56.48
Singapore;17.429;0.0;0.65;;;56.48
Singapore;17.429;0.0;0.68;;;56.48
Singapore;18.143;0.0;0.7;;;56.48
Singapore;17.714;0.0;0.71;;;56.48
Singapore;15.571;0.0;0.73;;;56.48
Singapore;16.429;0.0;0.72;;;56.48
Singapore;18.0;0.0;0.7;;;50.93
Singapore;18.571;0.0;0.66;;;50.93
Singapore;18.429;0.0;0.65;;;50.93
Singapore;16.429;0.0;0.64;;;50.93
Singapore;16.0;0.0;0.64;;;50.93
Singapore;14.857;0.0;0.63;;;50.93
Singapore;12.571;0.0;0.63;;;50.93
Singapore;10.714;0.0;0.64;;;50.93
Singapore;9.286;0.0;0.64;;;50.93
Singapore;9.286;0.0;0.64;;;50.93
Singapore;9.429;0.0;0.64;;;50.93
Singapore;9.143;0.0;0.63;;;50.93
Singapore;8.714;0.143;0.63;;;50.93
Singapore;7.714;0.143;0.64;;;50.93
Singapore;7.0;0.143;0.68;;;50.93
Singapore;6.143;0.143;0.73;;;50.93
Singapore;6.0;0.143;0.76;;;50.93
Singapore;5.429;0.143;0.81;;;50.93
Singapore;5.0;0.143;0.85;;;50.93
Singapore;5.0;0.0;0.9;;;50.93
Singapore;5.286;0.0;0.96;;;50.93
Singapore;6.286;0.0;0.98;;;50.93
Singapore;7.0;0.0;1.0;;;50.93
Singapore;7.143;0.0;1.0;;;50.93
Singapore;8.714;0.0;0.96;;;50.93
Singapore;8.429;0.0;0.94;;;50.93
Singapore;8.286;0.0;0.93;;;50.93
Singapore;8.429;0.0;0.94;;;50.93
Singapore;7.714;0.0;0.96;;;50.93
Singapore;7.571;0.0;0.97;;;50.93
Singapore;7.429;0.0;0.97;;;50.93
Singapore;7.143;0.0;0.94;;;50.93
Singapore;7.0;0.0;0.93;;;50.93
Singapore;6.714;0.0;0.94;;;50.93
Singapore;7.0;0.0;0.95;;;50.93
Singapore;7.0;0.0;0.96;;;50.93
Singapore;7.0;0.0;0.97;;;50.93
Singapore;6.286;0.0;1.0;;;50.93
Singapore;5.571;0.0;1.03;;;50.93
Singapore;5.286;0.0;1.09;;;50.93
Singapore;6.286;0.0;1.12;;;50.93
Singapore;6.286;0.0;1.16;;;50.93
Singapore;7.857;0.0;1.11;;;50.93
Singapore;8.429;0.0;1.05;;;50.93
Singapore;9.571;0.0;0.98;;;50.93
Singapore;8.857;0.0;0.94;;;50.93
Singapore;9.0;0.0;0.92;;;50.93
Singapore;8.571;0.0;0.91;;;50.93
Singapore;8.143;0.0;0.92;;;50.93
Singapore;6.286;0.0;0.94;;;50.93
Singapore;5.286;0.0;0.98;;;50.93
Singapore;4.143;0.0;1.04;;;50.93
Singapore;4.571;0.0;1.11;;;50.93
Singapore;5.857;0.0;1.12;;;50.93
Singapore;5.857;0.0;1.13;;;50.93
Singapore;7.571;0.0;1.08;;;50.93
Singapore;7.857;0.0;1.03;;;50.93
Singapore;8.0;0.0;1.02;;;50.93
Singapore;8.0;0.0;1.02;;;50.93
Singapore;8.143;0.143;1.03;;;50.93
Singapore;7.571;0.143;1.03;;;50.93
Singapore;7.571;0.143;1.03;;;50.93
Singapore;6.429;0.143;1.03;;;50.93
Singapore;5.714;0.143;1.07;;;50.93
Singapore;6.286;0.143;1.1;;;50.93
Singapore;6.143;0.143;1.15;;;50.93
Singapore;7.143;0.0;1.16;;;50.93
Singapore;6.714;0.0;1.19;;;50.93
Singapore;7.857;0.0;1.16;;;50.93
Singapore;8.143;0.0;1.14;;;50.93
Singapore;8.714;0.0;1.13;;;50.93
Singapore;8.286;0.0;1.16;;;50.93
Singapore;9.0;0.0;1.18;;;50.93
Singapore;8.286;0.0;1.21;;;50.93
Singapore;8.571;0.0;1.26;;;50.93
Singapore;7.429;0.0;1.33;;;50.93
Singapore;8.0;0.0;1.37;;;50.93
Singapore;8.857;0.0;1.4;;;50.93
Singapore;11.429;0.0;1.38;;;50.93
Singapore;11.571;0.0;1.37;;;50.93
Singapore;12.857;0.0;1.36;;;50.93
Singapore;14.571;0.0;1.34;;;50.93
Singapore;15.286;0.0;1.32;;;50.93
Singapore;17.143;0.0;1.27;;;50.93
Singapore;18.429;0.0;1.2;;;50.93
Singapore;16.857;0.0;1.17;;;50.93
Singapore;17.571;0.0;1.15;;;50.93
Singapore;16.571;0.0;1.15;;;50.93
Singapore;14.571;0.0;1.2;;;50.93
Singapore;13.857;0.0;1.27;;;50.93
Singapore;11.571;0.0;1.36;;0.0;50.93
Singapore;12.429;0.0;1.41;;0.0;50.93
Singapore;19.143;0.0;1.43;;0.0;50.93
Singapore;21.857;0.0;1.42;;0.0;50.93
Singapore;25.429;0.0;1.39;;0.0;50.93
Singapore;28.143;0.0;1.35;;0.0;50.93
Singapore;31.429;0.0;1.31;;0.0;50.93
Singapore;34.0;0.0;1.27;;0.0;50.93
Singapore;34.857;0.0;1.24;;0.0;50.93
Singapore;29.571;0.0;1.22;;0.0;50.93
Singapore;29.0;0.0;1.2;;0.0;50.93
Singapore;30.0;0.0;1.18;;0.0;50.93
Singapore;29.714;0.0;1.15;;0.0;50.93
Singapore;28.143;0.0;1.13;;0.0;50.93
Singapore;29.143;0.0;1.13;;0.0;50.93
Singapore;30.857;0.0;1.12;;0.0;50.93
Singapore;31.857;0.0;1.09;;0.0;50.93
Singapore;31.143;0.0;1.06;;0.0;50.93
Singapore;29.429;0.0;1.04;;0.0;50.93
Singapore;28.286;0.0;1.03;;0.01;50.93
Singapore;30.143;0.0;1.04;;0.01;50.93
Singapore;30.429;0.0;1.04;;0.01;50.93
Singapore;29.429;0.0;1.03;;0.01;50.93
Singapore;27.286;0.0;1.01;;0.01;50.93
Singapore;25.286;0.0;1.01;;0.01;50.93
Singapore;27.857;0.0;1.05;;0.01;50.93
Singapore;32.143;0.0;1.05;;0.01;50.93
Singapore;29.857;0.0;1.02;;0.01;50.93
Singapore;27.714;0.0;1.01;;0.01;50.93
Singapore;27.143;0.0;1.01;;0.01;50.93
Singapore;28.429;0.0;1.02;;0.03;50.93
Singapore;35.286;0.0;1.02;;0.03;50.93
Singapore;32.571;0.0;0.97;;0.04;50.93
Singapore;30.429;0.0;0.94;;0.07;50.93
Singapore;31.143;0.0;0.89;;0.12;50.93
Singapore;30.143;0.0;0.86;;0.18;50.93
Singapore;28.429;;0.84;;0.26;50.93
Singapore;28.571;0.0;0.83;;0.35;50.93
Singapore;24.0;0.0;0.81;;0.38;50.93
Singapore;23.286;0.0;0.79;;0.4;50.93
Singapore;22.286;0.0;0.77;;0.53;50.93
Singapore;21.143;0.0;0.74;;0.68;50.93
Singapore;20.714;0.0;0.71;;0.83;50.93
Singapore;19.286;0.0;0.69;;0.89;50.93
Singapore;18.286;0.0;0.69;;0.89;50.93
Singapore;15.857;0.0;0.67;;0.89;50.93
Singapore;14.429;0.0;0.67;;0.96;50.93
Singapore;12.571;0.0;0.67;;1.15;50.93
Singapore;11.143;0.0;0.67;;1.4;50.93
Singapore;10.571;0.0;0.7;;1.67;50.93
Singapore;10.429;0.0;0.73;;1.93;50.93
Singapore;9.857;0.0;0.76;;2.18;50.93
Singapore;10.286;0.0;0.78;;2.31;50.93
Singapore;9.857;0.0;0.79;;2.42;50.93
Singapore;10.0;0.0;0.8;;2.63;50.93
Singapore;10.429;0.0;0.81;;2.84;50.93
Singapore;9.857;0.0;0.84;;3.05;50.93
Singapore;9.714;0.0;0.88;;3.22;50.93
Singapore;9.571;0.0;0.93;;3.42;50.93
Singapore;9.571;0.0;0.97;;3.51;50.93
Singapore;9.571;0.0;1.0;;3.56;50.93
Singapore;9.857;0.0;1.03;;3.62;50.93
Singapore;10.429;0.0;1.06;;3.68;50.93
Singapore;12.714;0.0;1.08;;3.73;50.93
Singapore;14.0;0.0;1.06;;3.76;50.93
Singapore;13.429;0.0;1.02;;3.78;50.93
Singapore;13.571;0.0;1.01;;3.79;50.93
Singapore;13.857;0.0;0.99;;3.8;50.93
Singapore;14.0;0.0;0.97;;3.83;50.93
Singapore;13.714;0.0;0.95;;3.86;50.93
Singapore;11.857;0.0;0.94;;3.91;50.93
Singapore;10.286;0.0;0.95;;3.97;50.93
Singapore;10.429;0.0;0.97;;4.06;50.93
Singapore;9.714;0.0;1.0;;4.12;50.93
Singapore;10.286;0.0;1.04;;4.16;50.93
Singapore;10.143;0.0;1.06;;4.26;50.93
Singapore;10.857;0.0;1.07;;4.39;50.93
Singapore;10.714;0.0;1.08;;4.52;50.93
Singapore;11.714;0.0;1.1;;4.66;50.93
Singapore;12.429;0.0;1.12;;4.83;50.93
Singapore;13.714;0.0;1.13;;4.98;50.93
Singapore;13.0;0.0;1.14;;5.08;50.93
Singapore;13.0;0.0;1.15;;5.26;50.93
Singapore;13.286;0.0;1.16;;5.43;50.93
Singapore;14.143;0.0;1.18;;5.62;50.93
Singapore;14.429;0.0;1.2;;5.83;50.93
Singapore;14.0;0.0;1.22;;6.09;50.93
Singapore;14.857;0.0;1.26;;6.24;50.93
Singapore;14.857;0.0;1.28;;6.33;50.93
Singapore;16.143;0.0;1.32;;6.56;50.93
Singapore;18.0;0.0;1.34;;6.84;50.93
Singapore;20.714;0.0;1.34;;7.17;50.93
Singapore;22.0;0.0;1.31;;7.51;50.93
Singapore;26.429;0.0;1.28;;7.8;50.93
Singapore;25.714;0.0;1.21;;8.19;50.93
Singapore;25.429;0.0;1.16;;8.48;50.93
Singapore;24.857;0.0;1.15;;8.93;50.93
Singapore;24.571;0.0;1.16;;9.38;50.93
Singapore;24.714;0.0;1.16;;9.88;50.93
Singapore;24.0;0.0;1.13;;10.39;50.93
Singapore;21.571;0.0;1.11;;11.03;50.93
Singapore;23.571;0.0;1.1;;11.6;50.93
Singapore;25.0;0.0;1.08;;12.06;50.93
Singapore;26.143;0.0;1.07;;12.57;50.93
Singapore;24.714;0.0;1.06;;13.0;50.93
Singapore;23.571;0.0;1.06;;13.37;50.93
Singapore;22.857;0.0;1.06;;13.74;50.93
Singapore;24.0;0.0;1.08;;14.17;50.93
Singapore;25.0;0.0;1.08;;14.56;50.93
Singapore;25.429;0.0;1.06;;14.84;50.93
Singapore;24.714;0.0;1.04;;15.38;50.93
Singapore;24.714;0.0;1.03;;15.82;50.93
Singapore;23.0;0.0;1.04;;16.18;50.93
Singapore;24.143;0.0;1.07;;16.53;50.93
Singapore;24.857;0.0;1.1;;16.92;50.93
Singapore;22.571;0.0;1.11;;17.36;50.93
Singapore;25.0;0.0;1.12;;17.69;50.93
Singapore;28.571;0.0;1.11;;18.17;50.93
Singapore;28.286;0.0;1.07;;18.62;50.93
Singapore;29.429;0.0;1.05;;19.01;50.93
Singapore;31.0;4.286;1.04;;19.37;50.93
Singapore;28.857;4.286;1.02;;19.78;50.93
Singapore;30.429;4.286;1.02;;20.03;50.93
Singapore;30.286;4.429;1.0;;20.33;50.93
Singapore;26.286;4.429;0.96;;20.54;50.93
Singapore;27.0;4.429;0.95;;20.76;52.78
Singapore;26.0;4.429;0.94;;21.02;52.78
Singapore;23.571;0.143;0.94;;21.26;52.78
Singapore;23.714;0.143;0.96;;21.57;52.78
Singapore;21.714;0.143;0.99;;21.86;52.78
Singapore;20.143;0.0;1.02;;22.11;52.78
Singapore;20.429;0.0;1.05;;22.42;52.78
Singapore;21.571;0.0;1.09;;22.8;52.78
Singapore;21.571;0.0;1.12;;23.15;52.78
Singapore;23.857;0.0;1.17;;23.16;52.78
Singapore;27.714;0.0;1.21;;23.86;52.78
Singapore;29.286;0.0;1.2;;24.33;52.78
Singapore;32.286;0.0;1.2;;24.75;52.78
Singapore;33.571;0.0;1.17;;25.16;52.78
Singapore;35.429;0.0;1.15;;25.55;52.78
Singapore;38.571;0.0;1.12;;25.94;58.33
Singapore;39.571;0.143;1.09;;26.36;58.33
Singapore;37.857;0.143;1.06;;26.86;58.33
Singapore;37.571;0.143;1.02;;27.41;58.33
Singapore;34.143;0.143;0.99;;27.86;58.33
Singapore;35.286;0.143;0.98;;28.23;58.33
Singapore;34.143;0.143;0.96;;28.6;58.33
Singapore;32.429;0.143;0.93;;28.86;58.33
Singapore;30.0;0.0;0.91;;29.25;58.33
Singapore;28.571;0.0;0.91;;29.67;58.33
Singapore;29.143;0.0;0.9;;30.04;58.33
Singapore;29.143;0.143;0.89;;30.36;58.33
Singapore;27.286;0.143;0.87;;30.89;58.33
Singapore;25.571;0.143;0.87;;31.26;58.33
Singapore;26.286;0.143;0.87;;31.46;58.33
Singapore;29.286;0.143;0.85;;31.62;58.33
Singapore;26.857;0.143;0.81;;31.97;58.33
Singapore;24.714;0.143;0.78;;32.4;58.33
Singapore;24.0;0.0;0.76;;32.77;58.33
Singapore;22.714;0.0;0.73;;33.04;58.33
Singapore;21.429;0.143;0.72;;33.33;58.33
Singapore;17.571;0.143;0.72;;33.61;58.33
Singapore;13.0;0.143;0.75;;33.83;58.33
Singapore;12.429;0.143;0.8;;34.17;58.33
Singapore;12.429;0.143;0.85;;34.46;58.33
Singapore;11.429;0.143;0.9;;34.69;58.33
Singapore;13.0;0.143;0.94;;34.92;58.33
Singapore;13.714;0.0;0.96;;35.13;58.33
Singapore;16.571;0.0;0.99;;35.31;58.33
Singapore;18.571;0.0;0.99;;35.46;58.33
Singapore;19.571;0.0;0.98;;35.69;58.33
Singapore;20.0;0.0;0.98;;35.9;58.33
Singapore;19.714;0.0;0.96;;36.03;58.33
Singapore;18.429;0.143;0.96;;36.16;58.33
Singapore;19.0;0.143;0.96;;36.29;58.33
Singapore;18.714;0.143;0.96;;36.4;58.33
Singapore;18.143;0.143;0.96;;36.49;58.33
Singapore;18.714;0.143;0.94;;36.63;58.33
Singapore;18.143;0.286;0.91;;36.74;58.33
Singapore;18.571;0.286;0.88;;36.81;58.33
Singapore;17.571;0.143;0.85;;36.92;54.63
Singapore;16.429;0.143;0.85;;37.01;54.63
Singapore;15.571;0.143;0.85;;37.13;54.63
Singapore;13.714;0.143;0.85;;37.39;54.63
Singapore;12.286;0.143;0.88;;37.69;54.63
Singapore;10.857;0.0;0.91;;37.96;54.63
Singapore;10.429;0.0;0.95;;38.22;54.63
Singapore;11.0;0.0;1.0;;38.48;54.63
Singapore;11.0;0.0;1.05;;38.76;50.93
Singapore;10.429;0.0;1.11;;39.07;50.93
Singapore;11.286;0.0;1.2;;39.41;50.93
Singapore;11.286;0.0;1.28;;39.89;50.93
Singapore;11.143;0.0;1.39;;40.36;50.93
Singapore;10.714;0.0;1.54;;40.86;50.93
Singapore;12.571;0.0;1.72;;41.41;50.93
Singapore;14.857;0.0;1.88;;42.0;50.93
Singapore;21.714;0.0;2.03;;42.7;50.93
Singapore;26.286;0.0;2.1;;43.5;50.93
Singapore;33.571;0.0;2.15;;44.55;50.93
Singapore;42.429;0.0;2.19;;45.58;50.93
Singapore;54.429;0.0;2.22;;46.49;50.93
Singapore;75.286;0.0;2.21;;47.07;49.18
Singapore;99.429;0.0;2.12;;47.11;49.18
Singapore;116.714;0.0;1.98;;48.09;49.15
Singapore;134.143;0.0;1.84;;49.05;50.93
Singapore;144.429;0.0;1.7;;50.21;50.93
Singapore;153.286;0.143;1.58;;51.25;50.93
Singapore;158.0;0.143;1.47;;52.13;50.93
Singapore;152.714;0.143;1.37;;53.07;50.93
Singapore;144.714;0.143;1.3;;53.76;50.93
Singapore;138.286;0.143;1.23;;54.64;50.93
Singapore;133.0;0.143;1.18;;55.58;50.93
Singapore;133.857;0.143;1.13;;56.76;50.93
Singapore;132.429;0.0;1.08;;57.89;50.93
Singapore;131.857;0.0;1.03;;58.86;50.93
Singapore;128.429;0.143;0.97;;59.89;50.93
Singapore;123.143;0.143;0.93;;60.85;50.93
Singapore;117.286;0.286;0.89;;61.85;50.93
Singapore;112.286;0.429;0.87;;62.9;50.93
Singapore;106.286;0.571;0.85;;64.1;50.93
Singapore;100.714;0.714;0.83;;65.23;50.93
Singapore;94.571;0.714;0.8;;66.15;50.93
Singapore;89.0;0.571;0.77;;66.78;50.93
Singapore;82.143;0.571;0.76;;67.47;44.68
Singapore;77.571;0.429;0.78;;68.15;44.62
Singapore;72.0;0.429;0.78;;68.81;44.56
Singapore;65.143;0.429;0.79;;69.64;44.48
Singapore;61.857;0.286;0.8;;70.44;44.41
Singapore;58.286;0.286;0.81;;70.98;44.36
Singapore;55.571;0.286;0.82;;71.35;44.32
Singapore;55.857;0.429;0.84;;71.64;44.3
Singapore;54.429;0.571;0.87;;71.94;44.27
Singapore;50.571;0.429;0.91;;72.21;44.24
Singapore;49.286;0.429;0.97;;72.57;44.21
Singapore;46.286;0.429;1.04;;72.85;44.18
Singapore;43.714;0.714;1.15;;73.02;44.17
Singapore;50.143;0.857;1.25;;73.27;44.15
Singapore;58.714;0.714;1.34;;73.49;44.12
Singapore;68.286;0.857;1.39;;73.7;44.11
Singapore;80.286;0.857;1.44;;73.9;44.09
Singapore;92.0;0.714;1.47;;74.18;44.06
Singapore;104.0;1.143;1.57;;74.43;44.04
Singapore;118.0;0.857;1.59;;74.59;44.02
Singapore;126.143;0.714;1.65;;74.77;44.01
Singapore;132.571;0.714;1.63;;74.98;43.99
Singapore;141.143;0.429;1.63;;75.17;43.97
Singapore;151.857;0.429;1.63;;75.35;43.95
Singapore;165.714;0.429;1.64;;75.61;43.93
Singapore;185.429;0.0;1.64;;75.87;43.9
Singapore;193.714;0.0;1.65;;76.05;43.89
Singapore;206.0;0.0;1.66;;76.21;43.87
Singapore;230.429;0.0;1.7;;76.37;43.86
Singapore;254.571;0.143;1.73;;76.51;43.85
Singapore;292.571;0.286;1.76;;76.64;43.83
Singapore;343.143;0.429;1.78;;76.84;43.81
Singapore;385.429;0.429;1.77;;77.03;43.8
Singapore;432.429;0.429;1.76;;77.16;43.78
Singapore;484.714;0.429;1.74;;77.28;43.77
Singapore;556.857;0.429;1.73;;77.38;43.76
Singapore;622.286;0.286;1.71;;77.49;43.75
Singapore;687.0;0.286;1.69;;77.59;43.75
Singapore;738.714;0.143;1.67;;77.74;43.73
Singapore;803.571;0.286;1.65;;77.87;43.72
Singapore;873.857;0.286;1.63;;77.96;43.71
Singapore;918.143;0.286;1.6;;78.06;43.7
Singapore;966.857;1.0;1.59;;78.14;43.69
Singapore;1.059.714;1.429;1.59;;78.24;43.68
Singapore;1.144.571;2.0;1.58;;78.32;43.68
Singapore;1.246.714;2.0;1.57;;78.45;43.67
Singapore;1.308.714;2.286;1.56;;78.56;43.66
Singapore;1.441.143;2.571;1.55;;78.65;43.65
Singapore;1.545.429;2.857;1.53;;78.74;47.34
Singapore;1.696.571;2.857;1.52;;78.82;47.33
Singapore;1.812.429;3.571;1.5;;78.91;47.32
Singapore;1.951.571;3.143;1.49;;79.0;47.31
Singapore;2.131.429;4.286;1.47;;79.08;47.31
Singapore;2.261.857;4.429;1.44;;79.14;47.3
Singapore;2.278.714;5.0;1.41;;79.2;47.3
Singapore;2397.0;5.857;1.4;;79.27;47.29
Singapore;2.575.571;6.429;1.39;;79.34;47.28
Singapore;2.762.571;5.714;1.36;;79.41;47.28
Singapore;2.906.143;5.857;1.34;;79.48;47.27
Singapore;3.003.429;5.571;1.3;;79.57;47.26
Singapore;3.195.857;6.571;1.26;;79.64;47.26
Singapore;3.303.286;7.0;1.22;;79.72;47.25
Singapore;3273.0;7.286;1.18;;79.78;47.24
Singapore;3.200.143;7.571;1.15;;79.85;47.24
Singapore;3.144.857;8.429;1.14;;79.91;47.23
Singapore;3.066.143;10.143;1.13;;79.97;47.22
Singapore;3.045.429;10.429;1.13;;80.05;47.22
Singapore;2.994.714;10.143;1.13;;80.12;47.21
Singapore;3.030.286;10.143;1.12;;80.15;47.21
Singapore;3.071.714;9.571;1.11;;80.22;47.2
Singapore;3.217.143;9.0;1.11;;80.27;47.2
Singapore;3.313.143;10.286;1.1;;80.32;47.19
Singapore;3.385.571;10.429;1.1;;80.38;47.19
Singapore;3413.0;11.286;1.09;;80.44;47.18
Singapore;3.448.714;10.857;1.09;;80.52;47.17
Singapore;3.495.143;11.714;1.08;;80.55;43.47
Singapore;3.583.857;12.857;1.07;;80.61;43.47
Singapore;3.481.429;13.286;1.06;;80.67;42.92
Singapore;3.690.286;12.143;1.06;;80.73;42.92
Singapore;3.689.286;12.0;1.04;;80.79;42.91
Singapore;3.776.571;12.286;1.01;;80.86;42.91
Singapore;3.707.143;13.429;0.99;;80.94;42.91
Singapore;3.675.714;13.143;0.97;;80.99;42.9
Singapore;3.575.143;13.143;0.95;;81.05;42.9
Singapore;3.606.429;13.0;0.93;;81.11;42.89
Singapore;3.365.143;13.286;0.92;;81.16;42.89
Singapore;3.303.857;13.571;0.91;;81.18;42.89
Singapore;2.949.429;12.571;0.89;;81.26;42.88
Singapore;2.938.429;12.286;0.9;;81.33;42.88
Singapore;2.851.286;12.857;0.9;;81.36;42.88
Singapore;2.851.286;12.857;0.9;;81.42;42.87
Singapore;2.837.143;13.286;0.9;;81.47;42.87
Singapore;2.815.143;14.0;0.89;;81.51;42.87
Singapore;2.728.429;12.714;0.88;;81.56;42.86
Singapore;2.918.714;13.429;0.87;;81.61;42.86
Singapore;2.814.286;13.714;0.85;;81.66;42.86
Singapore;2.695.714;12.714;0.84;;81.7;42.86
Singapore;2.638.429;11.857;0.84;;81.74;42.85
Singapore;2.448.714;12.714;0.83;;81.78;42.85
Singapore;2.447.714;11.286;0.83;;81.81;42.85
Singapore;2.396.571;11.0;0.81;;81.85;42.85
Singapore;2.201.571;11.286;0.83;;81.89;42.84
Singapore;2.148.286;11.143;0.81;;81.93;42.84
Singapore;2.140.714;10.857;0.8;;81.96;42.84
Singapore;2.053.857;10.429;0.78;;82.0;42.84
Singapore;2.012.857;8.571;0.76;;82.03;42.83
Singapore;1.813.571;8.429;0.74;;82.06;42.83
Singapore;1.704.571;8.0;0.72;;82.09;42.83
Singapore;1.612.571;6.143;0.71;;82.13;42.83
Singapore;1.588.286;5.143;0.71;;82.16;42.83
Singapore;1.456.429;5.571;0.69;;82.2;42.82
Singapore;1.405.286;6.143;0.69;;82.23;42.82
Singapore;1.327.714;6.571;0.67;;82.28;42.82
Singapore;1.219.857;6.857;0.66;;82.31;42.82
Singapore;1195.0;7.714;0.65;;82.34;42.81
Singapore;1.148.714;8.571;0.63;;82.38;42.81
Singapore;1.003.286;8.0;0.62;;82.42;42.81
Singapore;975.429;8.286;0.62;;82.44;42.81
Singapore;912.429;7.571;0.61;;82.47;42.81
Singapore;837.571;7.571;0.6;;82.51;42.8
Singapore;749.714;6.857;0.6;;82.54;42.8
Singapore;689.857;6.286;0.6;;82.57;42.8
Singapore;645.286;5.571;0.59;;82.6;42.8
Singapore;619.0;6.143;0.59;;82.63;42.8
Singapore;593.0;5.0;0.59;;82.65;42.79
Singapore;546.857;5.0;0.6;;82.68;42.79
Singapore;507.857;4.714;0.59;;82.71;42.79
Singapore;474.286;4.714;0.6;;82.74;42.79
Singapore;427.571;4.143;0.61;;82.76;42.79
Singapore;421.571;3.714;0.61;;82.79;42.79
Singapore;380.429;3.0;0.62;;82.82;42.78
Singapore;364.0;2.714;0.64;;82.83;42.78
Singapore;343.429;2.429;0.66;;82.86;42.78
Singapore;320.286;1.857;0.68;;82.89;42.78
Singapore;300.429;1.571;0.71;;82.91;42.78
Singapore;295.714;1.714;0.74;;82.94;42.78
Singapore;274.714;1.571;0.77;;82.95;42.77
Singapore;271.429;1.571;0.81;;82.96;42.77
Singapore;264.857;1.286;0.86;;82.98;42.77
Singapore;277.0;1.429;0.92;;83.01;42.77
Singapore;289.143;1.143;0.97;;83.04;42.77
Singapore;290.0;1.143;1.02;;83.06;42.77
Singapore;288.429;1.0;1.08;;83.09;42.77
Singapore;299.714;1.143;1.14;;83.1;42.77
Singapore;329.429;1.143;1.22;;83.11;43.7
Singapore;360.857;1.0;1.3;;83.13;43.7
Singapore;387.143;0.571;1.36;;83.15;43.7
Singapore;455.286;1.0;1.42;;83.16;43.7
Singapore;521.571;1.143;1.44;;83.18;43.69
Singapore;593.286;1.143;1.45;;83.19;43.69
Singapore;655.143;1.286;1.44;;83.21;43.69
Singapore;705.857;1.143;1.53;;83.23;43.69
Singapore;765.286;1.286;1.51;;83.25;43.69
Singapore;806.143;1.286;1.49;;83.26;43.68
Singapore;806.714;0.857;1.48;;83.28;43.68
Singapore;817.714;0.714;1.48;;83.29;43.68
Singapore;838.714;0.571;1.5;;83.31;43.68
Singapore;862.714;0.429;1.52;;83.32;43.68
Singapore;883.429;0.857;1.59;;83.34;43.67
Singapore;886.0;0.714;1.67;;83.35;43.67
Singapore;945.286;0.714;1.76;;83.38;43.67
Singapore;1.031.286;0.714;1.87;;83.41;46.44
Singapore;1136.0;0.714;2.0;;83.45;46.43
Singapore;1.209.143;0.857;2.15;;83.49;46.43
Singapore;2.540.429;0.857;2.31;;83.56;46.42
Singapore;2.755.714;0.571;2.15;;83.63;46.41
Singapore;3.131.857;0.714;2.02;;83.7;46.4
Singapore;3.394.286;0.714;1.92;0.0144;83.77;46.39
Singapore;4044.0;1.0;1.84;0.0171;83.83;46.39
Singapore;4.503.571;0.857;1.76;0.0191;83.88;46.38
Singapore;5.074.571;0.714;1.68;0.0215;83.97;46.37
Singapore;4.401.714;1.0;1.59;0.0187;84.1;46.35
Singapore;4.793.714;1.0;1.56;0.0203;84.24;46.34
Singapore;4.936.857;0.857;1.51;0.0209;84.39;46.32
Singapore;5.148.143;1.0;1.48;0.0218;84.46;46.31
Singapore;5.186.429;1.143;1.46;0.0218;84.46;46.31
Singapore;4.939.143;1.286;1.45;0.0207;84.46;46.31
Singapore;4.771.714;1.429;1.48;0.0199;84.57;46.3
Singapore;5.865.143;1.857;1.52;0.0243;84.7;46.28
Singapore;6.605.571;2.0;1.53;0.0211;84.87;46.26
Singapore;7.070.429;2.429;1.59;0.0245;85.0;46.25
Singapore;7.545.429;2.714;1.61;0.0308;85.09;46.24
Singapore;8.509.286;2.714;1.56;0.034;85.16;46.23
Singapore;9.539.714;3.143;1.5;0.0374;85.25;46.22
Singapore;10.452.429;3.143;1.46;0.0402;85.36;46.2
Singapore;9.984.143;2.714;1.41;0.0377;85.52;46.18
Singapore;10.000.571;3.571;1.41;0.0426;85.7;43.79
Singapore;10.238.857;3.714;1.41;0.0413;85.85;43.77
Singapore;10.421.143;4.571;1.41;0.0373;85.92;43.76
Singapore;11.336.714;5.143;1.43;0.0414;85.98;43.75
Singapore;12.275.143;6.429;1.42;0.0457;86.04;43.74
Singapore;13.397.857;6.857;1.4;0.0509;86.12;43.73
Singapore;14.564.143;7.429;1.37;0.0565;86.25;43.71
Singapore;16.611.429;6.857;1.35;0.0659;86.41;43.68
Singapore;16.163.286;6.857;1.3;0.0655;86.51;43.67
Singapore;16812.0;6.571;1.28;0.0697;86.55;43.66
Singapore;17.756.571;6.143;1.26;0.079;86.58;43.66
Singapore;18.246.429;5.286;1.23;0.0876;86.61;43.65
Singapore;18.253.286;6.429;1.19;0.0951;86.67;43.64
Singapore;18.325.143;7.0;1.16;0.1045;86.78;43.63
Singapore;17.185.286;8.286;1.14;0.1081;86.91;43.61
Singapore;18.320.286;8.857;1.12;0.1286;87.0;43.6
Singapore;18309.0;9.571;1.1;0.1453;87.04;43.59
Singapore;18.030.143;10.571;1.08;0.146;87.07;43.58
Singapore;17.865.429;11.0;1.05;0.1476;87.1;43.58
Singapore;17.803.857;10.571;1.04;0.1501;87.13;43.58
Singapore;17.656.286;11.571;1.01;0.1521;87.18;43.57
Singapore;17573.0;10.571;1.0;0.1546;87.24;43.56
Singapore;17.420.143;10.143;0.99;0.1567;87.28;43.55
Singapore;17.416.714;9.286;0.97;0.1602;87.31;43.55
Singapore;17.148.286;9.857;0.96;0.1302;87.34;43.54
Singapore;16.847.143;10.0;1.0;0.1589;87.37;43.54
Singapore;16.561.857;9.571;0.96;0.1582;87.41;43.53
Singapore;16.244.857;8.857;0.93;0.1572;87.47;43.53
Singapore;15.724.571;9.429;0.9;0.1542;87.54;43.52
Singapore;15.230.714;9.571;0.87;0.1513;87.59;43.51
Singapore;14591.0;9.857;0.85;0.1469;87.64;46.74
Singapore;13.683.857;8.571;0.82;0.1718;87.69;46.74
Singapore;12.859.143;8.571;0.8;0.1326;87.73;46.73
Singapore;12.080.286;9.429;0.79;0.1261;87.79;46.73
Singapore;11.401.571;8.857;0.79;0.1205;87.85;46.72
Singapore;11.060.429;7.857;0.78;0.1184;87.93;46.71
Singapore;10.797.286;7.571;0.78;0.117;87.99;46.7
Singapore;10.582.429;7.857;0.77;0.1162;88.02;46.7
Singapore;10.198.857;7.857;0.75;0.1157;88.05;46.7
Singapore;9.864.857;7.143;0.74;0.1157;88.07;46.7
Singapore;9.545.571;6.286;0.73;0.116;88.11;46.69
Singapore;9.115.571;6.857;0.71;0.1148;88.15;46.69
Singapore;8.571.286;7.429;0.71;0.1121;88.22;46.68
Singapore;8.141.143;6.857;0.7;0.1013;88.27;46.67
Singapore;7.767.857;6.0;0.72;0.1001;88.3;46.67
Singapore;7.053.286;6.286;0.73;0.1052;88.33;46.67
Singapore;6.594.571;6.143;0.72;0.1038;88.37;46.66
Singapore;6.184.143;6.0;0.71;0.1031;88.4;46.66
Singapore;5.816.429;4.429;0.7;0.1031;88.43;46.66
Singapore;5.549.143;3.429;0.71;0.1049;88.48;46.65
Singapore;5.391.286;4.0;0.71;0.1233;88.52;46.65
Singapore;5164.0;3.429;0.71;0.1177;88.55;46.64
Singapore;4.903.571;2.429;0.73;0.1111;88.57;46.64
Singapore;4.723.286;3.429;0.73;0.1112;88.59;46.64
Singapore;4.532.429;3.143;0.72;0.1111;88.61;46.64
Singapore;4.390.143;2.857;0.72;0.1122;88.64;46.63
Singapore;4.203.857;3.143;0.73;0.1123;88.69;46.63
Singapore;4.036.714;2.857;0.73;0.1128;88.73;46.62
Singapore;3.927.286;4.143;0.73;0.1291;88.75;46.62
Singapore;3.671.714;4.571;0.74;0.1079;88.77;46.62
Singapore;3.538.571;3.143;0.75;0.1041;88.8;46.61
Singapore;3.431.714;2.714;0.76;0.1011;88.82;46.61
Singapore;3.344.571;2.857;0.77;0.0987;88.82;46.61
Singapore;3.117.571;3.0;0.79;0.0922;88.86;46.61
Singapore;3.185.571;3.143;0.81;0.0944;88.89;46.6
Singapore;3173.0;1.857;0.82;0.0942;88.9;46.6
Singapore;3.196.714;1.429;0.83;0.0952;88.92;42.9
Singapore;3.187.714;1.429;0.84;0.0952;88.93;42.9
Singapore;3.173.286;1.857;0.83;0.0951;88.95;42.9
Singapore;3.119.143;1.714;0.83;0.0938;88.97;42.9
Singapore;3.267.571;1.429;0.84;0.0986;89.0;42.89
Singapore;3124.0;1.286;0.83;0.0946;89.03;42.89
Singapore;3.063.714;2.143;0.82;0.0931;89.04;42.89
Singapore;2.916.571;2.286;0.82;0.0901;89.06;28.47
Singapore;2.798.571;2.143;0.82;0.076;89.07;28.47
Singapore;2.694.286;1.714;0.86;0.0617;89.08;28.47
Singapore;2.262.143;1.714;0.95;0.0735;89.11;28.46
Singapore;2181.0;1.714;0.98;0.062;89.14;28.46
Singapore;2496.0;1.571;1.05;0.0533;89.14;28.46
Singapore;2.392.857;1.0;1.15;0.0819;89.16;28.46
Singapore;2.090.286;0.714;1.12;0.072;89.16;28.46
Singapore;1.946.286;0.857;1.12;0.0725;89.18;28.45
Singapore;2.238.143;1.571;1.19;0.1048;89.19;28.45
Singapore;2.726.714;1.714;1.18;0.0958;89.2;28.45
Singapore;2.872.571;2.143;1.17;0.1124;89.22;28.45
Singapore;2.611.714;2.286;1.16;0.1255;89.24;28.44
Singapore;2.745.286;2.0;1.14;0.0984;89.26;28.44
Singapore;3.211.143;2.571;1.15;0.1154;89.28;28.44
Singapore;3.532.857;2.571;1.15;0.1357;89.29;28.44
Singapore;3.377.429;2.286;1.13;0.122;89.31;28.43
Singapore;3.501.857;2.286;1.13;0.1268;89.34;28.43
Singapore;3.533.429;1.714;1.12;0.1283;89.37;28.43
Singapore;3566.0;1.571;1.1;0.1298;89.38;28.42
Singapore;3.544.857;2.0;1.09;0.1294;89.42;28.42
Singapore;3.235.286;1.571;1.1;0.1186;89.45;28.41
Singapore;3.599.857;1.571;1.13;0.1326;89.47;28.41
Singapore;3.733.143;1.429;1.12;0.1382;89.49;28.41
Singapore;3.740.429;1.714;1.1;0.1391;89.52;28.4
Singapore;3.796.429;1.714;1.09;0.1419;89.56;28.4
Singapore;3.821.571;1.714;1.07;0.1435;89.59;28.39
Singapore;3.911.286;1.571;1.06;0.1476;89.6;28.39
Singapore;4.348.857;1.571;1.05;0.1678;89.61;28.39
Singapore;4.023.857;1.571;1.03;0.1589;89.63;28.39
Singapore;3.932.143;1.571;1.01;0.1589;89.64;28.39
Singapore;3859.0;1.286;0.99;0.1597;89.66;28.38
Singapore;3.794.429;1.286;0.99;0.161;89.68;28.38
Singapore;3755.0;1.143;0.98;0.1634;89.71;28.37
Singapore;3.703.286;1.286;0.97;0.1653;89.72;28.37
Singapore;3.597.286;1.571;0.96;0.1588;89.74;28.37
Singapore;3513.0;1.286;0.96;0.1533;89.75;28.37
Singapore;3.485.714;1.0;0.95;0.1504;89.76;28.37
Singapore;3.400.429;0.857;0.95;0.1451;89.77;28.37
Singapore;3337.0;1.286;0.95;0.1409;89.79;28.36
Singapore;3.294.857;1.429;0.96;0.1376;89.81;28.36
Singapore;3.262.429;1.0;0.97;0.1348;89.82;28.36
Singapore;3.189.857;0.714;0.98;0.132;89.83;28.36
Singapore;3.193.429;0.714;0.98;0.1323;89.83;28.36
Singapore;3.148.571;1.0;0.99;0.1306;89.84;28.36
Singapore;2.686.714;1.143;1.01;0.1292;89.85;28.35
Singapore;3.146.429;0.714;1.03;0.1308;89.87;28.35
Singapore;3.181.714;0.571;1.05;0.1324;89.88;28.35
Singapore;3.214.143;0.714;1.07;0.1339;89.89;28.35
Singapore;3.307.429;1.0;1.1;0.1378;89.89;28.35
Singapore;3.350.857;1.0;1.11;0.1396;89.9;28.35
Singapore;3.306.429;0.714;1.13;0.1378;89.9;28.35
Singapore;4558.0;0.571;1.17;0.1497;89.91;28.35
Singapore;3687.0;0.714;1.2;0.1536;89.92;28.34
Singapore;3.786.429;0.857;1.22;0.1578;89.93;28.34
Singapore;3.905.143;1.0;1.25;0.1627;89.94;28.34
Singapore;4.187.857;0.571;1.28;;89.95;28.34
Singapore;4.467.286;0.571;1.3;;89.96;28.34
Singapore;4.965.286;1.0;1.32;;89.97;28.34
Singapore;4.854.714;1.0;1.32;;89.98;28.33
Singapore;5.525.714;0.857;1.33;;89.99;28.33
Singapore;5.799.571;0.714;1.34;;90.0;28.33
Singapore;6098.0;0.571;1.34;;90.01;28.33
Singapore;6.725.857;0.714;1.35;;90.01;28.33
Singapore;7.230.143;0.857;1.33;;90.02;28.33
Singapore;7.644.286;0.714;1.31;;90.03;28.33
Singapore;7.801.429;1.143;1.28;;90.03;28.33
Singapore;8.266.429;1.143;1.25;;90.03;28.33
Singapore;7.535.571;1.429;1.23;;90.04;28.33
Singapore;7.652.429;1.429;1.22;;90.04;28.33
Singapore;6.858.429;1.571;1.2;;90.04;28.33
Singapore;7343.0;1.714;1.18;;90.04;28.33
Singapore;7.412.143;1.857;1.16;;90.05;28.32
Singapore;7.540.429;1.429;1.14;;90.05;28.32
Singapore;7.730.714;1.714;1.12;;90.06;28.32
Singapore;8.967.714;2.0;1.11;;90.06;28.32
Singapore;9010.0;1.857;1.09;;90.06;28.32
Singapore;8.802.714;2.286;1.09;;90.06;28.32
Singapore;7.830.571;2.429;1.13;;90.06;28.32
Singapore;8.813.571;2.571;1.12;;90.07;28.32
Singapore;9.068.857;2.714;1.1;;90.07;28.32
Singapore;9.599.143;3.143;1.08;;90.07;28.32
Singapore;9.316.857;3.0;1.06;;90.07;28.32
Singapore;9.391.714;3.571;1.05;;90.08;28.32
Singapore;9.639.143;3.286;1.03;;90.08;28.32
Singapore;10.755.571;3.286;1.01;;90.08;28.32
Singapore;9816.0;3.143;0.99;;90.09;28.32
Singapore;9527.0;3.0;0.97;;90.09;28.32
Singapore;8.953.714;3.143;0.97;;90.1;28.32
Singapore;9126.0;3.286;0.96;;90.1;28.32
Singapore;9.015.714;3.714;0.95;;90.1;28.32
Singapore;8.919.143;3.857;0.93;;90.1;28.32
Singapore;8.722.714;3.857;0.92;;90.11;28.32
Singapore;8.504.143;3.714;0.91;;90.11;28.32
Singapore;8335.0;3.714;0.89;;90.11;28.32
Singapore;8.908.714;3.571;0.89;;90.12;28.31
Singapore;7.995.571;3.429;0.88;;90.12;28.31
Singapore;7.842.857;5.286;0.87;;90.12;28.31
Singapore;7.722.571;5.286;0.86;;90.12;28.31
Singapore;7.409.857;5.429;0.85;;90.13;28.31
Singapore;7191.0;5.571;0.89;;90.13;28.31
Singapore;6.917.143;5.571;0.86;;90.13;28.31
Singapore;5.060.143;5.571;0.85;;90.14;28.31
Singapore;6.546.714;5.571;0.84;;90.14;28.31
Singapore;6.502.714;3.0;0.82;;90.14;28.31
Singapore;6.335.857;2.571;0.8;;90.14;28.31
Singapore;6.012.286;2.143;0.79;;90.15;28.31
Singapore;5382.0;2.143;0.8;;90.15;28.31
Singapore;5.469.714;3.0;0.85;;90.15;28.31
Singapore;6.252.714;2.857;0.83;;90.16;28.31
Singapore;5.181.286;2.857;0.8;;90.16;28.31
Singapore;4.927.714;2.714;0.77;;90.16;28.31
Singapore;4.802.571;3.286;0.77;;90.16;28.31
Singapore;4.407.857;3.429;0.74;;90.16;28.31
Singapore;4.542.571;3.714;0.72;;90.17;28.31
Singapore;4.012.714;2.857;0.71;;90.17;28.31
Singapore;3.229.714;3.143;0.71;;90.17;28.31
Singapore;3.410.143;3.0;0.7;;90.18;28.31
Singapore;3257.0;3.429;0.7;;90.18;28.31
Singapore;3118.0;2.714;0.69;;90.18;28.31
Singapore;2893.0;2.714;0.69;;90.18;28.31
Singapore;2.733.429;2.143;0.69;;90.19;28.3
Singapore;2.568.286;2.143;0.7;;90.19;28.3
Singapore;2.568.286;1.714;0.72;;90.2;28.3
Singapore;2345.0;1.571;0.73;;90.2;28.3
Singapore;2.273.143;1.0;0.74;;90.2;18.68
Singapore;2.232.857;1.143;0.75;;90.21;18.68
Singapore;2129.0;0.857;0.76;;90.21;18.68
Singapore;2.058.857;0.857;0.78;;90.21;18.68
Singapore;2.008.429;1.0;0.79;;90.22;18.68
Singapore;2.286.714;0.571;0.82;;90.22;18.68
Singapore;1.921.857;0.429;0.84;;90.23;18.68
Singapore;1902.0;0.714;0.86;;90.23;18.68
Singapore;1.868.571;0.571;0.89;;90.24;18.67
Singapore;1.846.429;1.286;0.91;;90.24;18.67
Singapore;1.863.143;1.143;0.93;;90.25;18.67
Singapore;1881.0;1.0;0.95;;90.25;18.67
Singapore;1.602.714;1.143;0.97;;90.25;18.67
Singapore;1.958.857;1.143;0.99;;90.25;18.67
Singapore;1.977.571;0.857;1.01;;90.26;18.67
Singapore;2.017.143;0.857;1.02;;90.26;18.67
Singapore;2.103.857;0.429;1.02;;90.26;18.67
Singapore;2126.0;0.571;1.03;;90.26;18.67
Singapore;2.162.286;0.571;1.03;;90.27;18.67
Singapore;2.443.571;0.429;1.04;;90.27;18.67
Singapore;2.113.286;0.714;1.05;;90.27;18.67
Singapore;2.096.286;0.857;1.06;;90.27;18.67
Singapore;2.170.571;1.0;1.07;;90.28;18.67
Singapore;2152.0;0.714;1.09;;90.28;18.67
Singapore;2.163.714;0.571;1.11;;90.28;18.67
Singapore;2.181.143;0.571;1.13;;90.28;18.67
Singapore;1.899.857;0.714;1.15;;90.29;18.67
Singapore;2322.0;0.429;1.18;;90.29;18.67
Singapore;2390.0;1.0;1.21;;90.29;18.67
Singapore;2.337.571;1.143;1.25;;90.29;18.67
Singapore;2.500.143;1.143;1.27;;90.3;18.67
Singapore;2.635.286;1.143;1.29;;90.3;18.67
Singapore;2749.0;1.143;1.32;;90.3;18.67
Singapore;2749.0;1.286;1.34;;90.3;18.67
Singapore;3.124.714;1.429;1.36;;90.3;18.67
Singapore;3277.0;1.0;1.39;;90.31;18.67
Singapore;3.435.143;1.0;1.42;;90.31;18.67
Singapore;3.833.143;1.0;1.43;;90.31;18.67
Singapore;4.185.857;1.143;1.43;;90.31;18.67
Singapore;4.595.429;1.143;1.42;;90.32;18.67
Singapore;4.595.429;1.429;1.42;;90.32;18.67
Singapore;5.283.571;1.286;1.41;;90.32;18.67
Singapore;5.559.571;1.429;1.41;;90.32;17.59
Singapore;5.846.143;1.429;1.41;;90.32;17.59
Singapore;6.501.286;1.714;1.38;;90.33;17.59
Singapore;7.028.143;2.0;1.34;;90.33;17.59
Singapore;7.498.571;2.0;1.29;;90.33;17.59
Singapore;7.498.571;1.714;1.25;;90.34;17.59
Singapore;8.211.714;2.143;1.2;;90.34;17.59
Singapore;8.409.714;2.0;1.16;;90.34;17.59
Singapore;8.477.857;2.429;1.12;;90.34;17.59
Singapore;8.506.714;2.571;1.07;;90.35;17.59
Singapore;8384.0;2.857;1.03;;90.35;17.59
Singapore;8.194.714;2.857;0.99;;90.35;17.59
Singapore;8.194.714;2.714;0.95;;90.36;17.59
Singapore;7.689.286;2.571;0.91;;90.36;17.59
Singapore;7.442.571;2.429;0.88;;90.36;17.59
Singapore;7.218.429;2.143;0.84;;90.36;17.59
Singapore;5.941.286;2.0;0.85;;90.37;17.59
Singapore;6.056.286;1.571;0.84;;90.37;17.59
Singapore;5.780.714;1.571;0.82;;90.38;17.59
Singapore;6.518.286;2.0;0.8;;90.39;17.59
Singapore;5.258.714;2.0;0.78;;90.39;17.59
Singapore;5.085.286;2.429;0.76;;90.4;17.59
Singapore;4.567.143;2.0;0.74;;90.4;17.59
Singapore;5320.0;2.0;0.72;;90.41;17.59
Singapore;4.538.429;1.857;0.7;;90.42;17.59
Singapore;4.147.571;1.857;0.7;;90.43;17.59
Singapore;3410.0;1.714;0.7;;90.43;17.59
Singapore;3.559.286;1.571;0.69;;90.43;17.59
Singapore;3.366.857;1.429;0.69;;90.44;17.59
Singapore;3.606.286;1.571;0.69;;90.45;17.59
Singapore;2.935.429;1.571;0.69;;90.46;17.59
Singapore;2.777.714;1.571;0.69;;90.46;17.59
Singapore;2.671.143;1.571;0.7;;90.47;17.59
Singapore;2.996.571;1.286;0.71;;90.48;17.59
Singapore;2.348.714;1.429;0.71;;90.48;17.59
Singapore;2.395.857;1.0;0.72;;90.48;17.59
Singapore;2.343.857;1.0;0.72;;90.49;17.59
Singapore;2.278.571;0.857;0.72;;90.49;17.59
Singapore;2.164.571;0.857;0.72;;90.5;17.59
Singapore;2.067.857;0.857;0.73;;90.51;17.59
Singapore;1.742.429;0.714;0.74;;90.52;17.59
Singapore;1.559.714;0.429;0.74;;90.52;17.59
Singapore;1.919.429;0.571;0.75;;90.53;17.59
Singapore;1.888.857;0.429;0.75;;90.53;17.59
Singapore;1.785.571;0.286;0.74;;90.54;17.59
Singapore;1.714.714;0.143;0.75;;90.54;17.59
Singapore;1.647.143;0.143;0.75;;90.55;17.59
Singapore;1784.0;0.286;0.76;;90.56;17.59
Singapore;1.971.429;0.286;0.77;;90.56;17.59
Singapore;1.476.714;0.286;0.78;;90.57;17.59
Singapore;1.436.571;0.286;0.79;;90.57;17.59
Singapore;1358.0;0.286;0.79;;90.58;17.59
Singapore;1.312.571;0.286;0.81;;90.58;17.59
Singapore;1.268.143;0.286;0.82;;90.59;17.59
Singapore;1.297.714;0.429;0.84;;90.6;17.59
Singapore;1.256.429;0.571;0.86;;90.6;17.59
Singapore;1.217.714;0.429;0.87;;90.6;17.59
Singapore;1.211.857;0.571;0.89;;90.61;17.59
Singapore;1.208.857;0.571;0.89;;90.61;17.59
Singapore;1.205.857;0.571;0.9;;90.61;17.59
Singapore;1.214.286;0.571;0.91;;90.62;17.59
Singapore;1194.0;0.286;0.92;;90.62;17.59
Singapore;1.195.143;0.143;0.93;;90.62;17.59
Singapore;1236.0;0.286;0.93;;90.63;17.59
Singapore;1.230.857;0.143;0.94;;90.63;17.59
Singapore;1.230.857;0.286;0.93;;90.64;17.59
Singapore;1.230.571;0.286;0.92;;90.64;17.59
Singapore;1.216.143;0.286;0.92;;90.65;17.59
Singapore;1.205.714;0.286;0.92;;90.66;17.59
Singapore;1.236.286;0.429;0.92;;90.66;17.59
Singapore;1.185.857;0.286;0.91;;90.67;17.59
Singapore;1.181.286;0.286;0.91;;90.67;17.59
Singapore;1.141.714;0.143;0.89;;90.68;17.59
Singapore;1.105.429;0.143;0.89;;90.68;17.59
Singapore;1.096.571;0.143;0.89;;90.69;17.59
Singapore;960.857;0.286;0.88;;90.7;17.59
Singapore;783.0;0.143;0.88;;90.7;17.59
Singapore;648.714;0.143;0.87;;90.7;17.59
Singapore;1.003.857;0.143;0.86;;90.71;17.59
Singapore;987.286;0.143;0.89;;90.71;17.59
Singapore;935.286;0.143;0.9;;90.72;17.59
Singapore;923.286;0.143;0.89;;90.73;17.59
Singapore;1.069.857;0.0;0.88;;90.74;17.59
Singapore;1.189.143;0.0;0.87;;90.74;
Singapore;1.266.571;0.143;0.87;;90.74;
Singapore;866.0;0.143;;;90.74;
Singapore;742.0;0.143;;;90.74;
Singapore;857.143;0.143;;;90.75;
Singapore;828.571;0.143;;;90.76;
Singapore;801.0;0.286;;;90.77;
Singapore;779.429;0.429;;;90.77;
Singapore;780.0;0.571;;;90.77;
Singapore;779.286;0.714;;;90.78;
Singapore;829.857;0.714;;;90.78;
Singapore;696.0;0.714;;;90.78;
Singapore;640.0;0.714;;;90.79;
Singapore;592.143;0.571;;;90.8;
Singapore;553.714;0.571;;;90.8;
Singapore;519.857;0.286;;;90.8;
Singapore;504.286;0.143;;;90.81;
Singapore;453.286;0.429;;;90.81;
Singapore;426.0;0.429;;;90.81;
Singapore;400.286;0.429;;;90.82;
Singapore;380.571;0.429;;;90.82;
Singapore;359.714;0.286;;;90.82;
Singapore;339.857;0.286;;;;
Singapore;311.571;0.286;;;90.82;
Singapore;250.429;0.0;;;90.82;
Singapore;215.714;0.0;;;90.83;
Singapore;239.143;0.0;;;90.83;
Singapore;247.429;0.143;;;90.84;
Singapore;260.714;0.286;;;90.84;
Singapore;278.714;0.286;;;90.84;
Singapore;306.571;0.286;;;90.85;
Singapore;381.857;0.286;;;;
Singapore;424.857;0.286;;;;
Singapore;420.143;0.286;;;;
Singapore;425.857;0.143;;;;
Singapore;427.429;0.0;;;;
Singapore;427.857;0.0;;;;
Singapore;424.714;0.0;;;;
Singapore;421.714;0.0;;;;
Singapore;422.714;0.0;;;;
Singapore;421.286;0.0;;;;
Singapore;418.571;0.0;;;;
Singapore;411.571;0.0;;;;
Singapore;403.714;0.0;;;;
Singapore;367.857;0.0;;;;
Singapore;277.714;0.0;;;;
Singapore;210.286;0.0;;;;
Singapore;143.857;0.0;;;;
Singapore;81.143;0.0;;;;
Singapore;34.857;0.0;;;;
Singapore;549.857;0.0;;;;
Singapore;549.857;0.0;;;;
Singapore;549.857;0.0;;;;
Singapore;549.857;0.0;;;;
Singapore;549.857;0.0;;;;
Singapore;549.857;0.0;;;;
Singapore;549.857;0.0;;;;
Singapore;638.714;0.0;;;;
Singapore;638.714;0.0;;;;
Singapore;638.714;0.0;;;;
Singapore;638.714;0.0;;;;
Singapore;638.714;0.0;;;;
Singapore;638.714;0.0;;;;
Singapore;638.714;0.0;;;;
Singapore;632.286;0.0;;;;
Singapore;632.286;0.0;;;;
Singapore;632.286;0.0;;;;
Singapore;632.286;0.0;;;;
Singapore;632.286;0.0;;;;
Singapore;632.286;0.0;;;;
Singapore;632.286;0.0;;;;
Singapore;1.478.857;0.0;;;;
Singapore;1.478.857;0.0;;;;
Singapore;1.478.857;0.0;;;;
Singapore;1.478.857;0.0;;;;
Singapore;1.478.857;0.0;;;;
Singapore;1.478.857;0.0;;;;
Singapore;1.478.857;0.0;;;;
Singapore;1.494.857;0.0;;;;
Singapore;1.494.857;0.0;;;;
Singapore;1.494.857;0.0;;;;
Singapore;1.494.857;0.0;;;;
Singapore;1.494.857;0.0;;;;
Singapore;1.494.857;0.0;;;;
Singapore;1.494.857;0.0;;;;
Singapore;2.066.714;0.0;;;;
Singapore;2.066.714;0.0;;;;
Singapore;2.066.714;0.0;;;;
Singapore;2.066.714;0.0;;;;
Singapore;2.066.714;0.0;;;;
Singapore;2.066.714;0.0;;;;
Singapore;2.066.714;0.0;;;;
Singapore;4.058.571;0.0;;;;
Singapore;4.058.571;0.0;;;;
Singapore;4.058.571;0.0;;;;
Singapore;4.058.571;0.0;;;;
Singapore;4.058.571;0.0;;;;
Singapore;4.058.571;0.0;;;;
Singapore;4.058.571;1.714;;;;
Singapore;2.288.286;1.714;;;;
Singapore;2.288.286;1.714;;;;
Singapore;2.288.286;1.714;;;;
Singapore;2.288.286;1.714;;;;
Singapore;2.288.286;1.714;;;;
Singapore;2.288.286;1.714;;;;
Singapore;2.288.286;0.0;;;;
Singapore;3.724.571;0.0;;;;
Singapore;3.724.571;0.0;;;;
Singapore;3.724.571;0.0;;;;
Singapore;3.724.571;0.0;;;;
Singapore;3.724.571;0.0;;;;
Singapore;3.724.571;0.0;;;;
Singapore;3.724.571;0.0;;;;
Singapore;3974.0;0.0;;;;
Singapore;3974.0;0.0;;;;
Singapore;3974.0;0.0;;;;
Singapore;3974.0;0.0;;;;
Singapore;3974.0;0.0;;;;
Singapore;3974.0;0.0;;;;
Singapore;3974.0;0.0;;;;
Singapore;3.345.286;0.0;;;;
Singapore;3.345.286;0.0;;;;
Singapore;3.345.286;0.0;;;;
Singapore;3.345.286;0.0;;;;
Singapore;3.345.286;0.0;;;;
Singapore;3.345.286;0.0;;;;
Singapore;3.345.286;7.714;;;;
Singapore;3232.0;7.714;;;;
Singapore;3232.0;7.714;;;;
Singapore;3232.0;7.714;;;;
Singapore;3232.0;7.714;;;;
Singapore;3232.0;7.714;;;;
Singapore;3232.0;7.714;;;;
Singapore;3232.0;0.0;;;;
Singapore;3.470.857;0.0;;;;
Singapore;3.470.857;0.0;;;;
Singapore;3.470.857;0.0;;;;
Singapore;3.470.857;0.0;;;;
Singapore;3.470.857;0.0;;;;
Singapore;3.470.857;0.0;;;;
Singapore;3.470.857;0.0;;;;
Singapore;2.966.714;0.0;;;;
Singapore;2.966.714;0.0;;;;
Singapore;2.966.714;0.0;;;;
Singapore;2.966.714;0.0;;;;
Singapore;2.966.714;0.0;;;;
Singapore;2.966.714;0.0;;;;
Singapore;2.966.714;0.0;;;;
Singapore;2.121.571;0.0;;;;
Singapore;2.121.571;0.0;;;;
Singapore;2.121.571;0.0;;;;
Singapore;2.121.571;0.0;;;;
Singapore;2.121.571;0.0;;;;
Singapore;2.121.571;0.0;;;;
Singapore;2.121.571;7.571;;;;
Singapore;1.218.714;7.571;;;;
Singapore;1.218.714;7.571;;;;
Singapore;1.218.714;7.571;;;;
Singapore;1.218.714;7.571;;;;
Singapore;1.218.714;7.571;;;;
Singapore;1.218.714;7.571;;;;
Singapore;1.218.714;0.0;;;;
Singapore;1.490.286;0.0;;;;
Singapore;1.490.286;0.0;;;;
Singapore;1.490.286;0.0;;;;
Singapore;1.490.286;0.0;;;;
Singapore;1.490.286;0.0;;;;
Singapore;1.490.286;0.0;;;;
Singapore;1.490.286;0.0;;;;
Singapore;959.571;0.571;;;;
Singapore;959.571;0.571;;;;
Singapore;959.571;0.571;;;;
Singapore;959.571;0.571;;;;
Singapore;959.571;0.571;;;;
Singapore;959.571;0.571;;;;
Singapore;959.571;0.571;;;;
Singapore;1.676.571;3.857;;;;
Singapore;1.676.571;3.857;;;;
Singapore;1.676.571;3.857;;;;
Singapore;1.676.571;3.857;;;;
Singapore;1.676.571;3.857;;;;
Singapore;1.676.571;3.857;;;;
Singapore;1.676.571;3.857;;;;
Singapore;0.0;0.0;;;;
Singapore;614.571;0.0;;;;
Singapore;614.571;0.0;;;;
Singapore;614.571;0.0;;;;
Singapore;614.571;0.0;;;;
Singapore;614.571;0.0;;;;
Singapore;614.571;0.0;;;;
Singapore;1.835.143;0.0;;;;
Singapore;1.220.571;0.0;;;;
Singapore;1.220.571;0.0;;;;
Singapore;1.220.571;0.0;;;;
Singapore;1.220.571;0.0;;;;
Singapore;1.220.571;0.0;;;;
Singapore;1.220.571;0.0;;;;
Singapore;804.571;0.0;;;;
Singapore;804.571;0.0;;;;
Singapore;804.571;0.0;;;;
Singapore;804.571;0.0;;;;
Singapore;804.571;0.0;;;;
Singapore;804.571;0.0;;;;
Singapore;804.571;0.0;;;;
Singapore;676.857;0.0;;;;
Singapore;676.857;0.0;;;;
Singapore;676.857;0.0;;;;
Singapore;676.857;0.0;;;;
Singapore;676.857;0.0;;;;
Singapore;676.857;0.0;;;;
Singapore;676.857;0.0;;;;
Singapore;707.286;0.0;;;;
Singapore;707.286;0.0;;;;
Singapore;707.286;0.0;;;;
Singapore;707.286;0.0;;;;
Singapore;707.286;0.0;;;;
Singapore;707.286;0.0;;;;
Singapore;707.286;0.0;;;;
Singapore;497.857;0.0;;;;
Singapore;497.857;0.0;;;;
Singapore;497.857;0.0;;;;
Singapore;497.857;0.0;;;;
Singapore;497.857;0.0;;;;
Singapore;497.857;0.0;;;;
Singapore;497.857;0.0;;;;
Singapore;707.286;0.0;;;;
Singapore;707.286;0.0;;;;
Singapore;707.286;0.0;;;;
Singapore;707.286;0.0;;;;
Singapore;707.286;0.0;;;;
Singapore;707.286;0.0;;;;
Singapore;707.286;0.0;;;;
Singapore;1.006.429;0.0;;;;
Singapore;1.006.429;0.0;;;;
Singapore;1.006.429;0.0;;;;
Singapore;1.006.429;0.0;;;;
Singapore;1.006.429;0.0;;;;
Singapore;1.006.429;0.0;;;;
Singapore;1.006.429;0.0;;;;
Singapore;950.0;0.0;;;;
Singapore;950.0;0.0;;;;
Singapore;950.0;0.0;;;;
Singapore;950.0;0.0;;;;
Singapore;950.0;0.0;;;;
Singapore;950.0;0.0;;;;
Singapore;950.0;0.0;;;;
Singapore;613.571;0.0;;;;
Singapore;613.571;0.0;;;;
Singapore;613.571;0.0;;;;
Singapore;613.571;0.0;;;;
Singapore;613.571;0.0;;;;
Singapore;613.571;0.0;;;;
Singapore;613.571;0.0;;;;
Singapore;1.035.429;0.0;;;;
Singapore;1.035.429;0.0;;;;
Singapore;1.035.429;0.0;;;;
Singapore;1.035.429;0.0;;;;
Singapore;1.035.429;0.0;;;;
Singapore;1.035.429;0.0;;;;
Singapore;1.035.429;0.0;;;;
Singapore;914.429;0.0;;;;
Singapore;914.429;0.0;;;;
Singapore;914.429;0.0;;;;
Singapore;914.429;0.0;;;;
Singapore;914.429;0.0;;;;
Singapore;914.429;0.0;;;;
Singapore;914.429;0.0;;;;
Singapore;0.0;0.0;;;;
Singapore;0.0;0.0;;;;
Singapore;0.0;0.0;;;;
